{"cameraMode":{"drawMode":0,"name":"Shaded","section":"Shading Mode"},"sceneLighting":false,"audioPlay":false,"sceneViewState":{"showFog":true,"showMaterialUpdate":false,"showSkybox":false,"showFlares":true,"showImageEffects":true,"showParticleSystems":true},"in2DMode":false,"pivot":{"x":2.4497058391571047,"y":0.9124771356582642,"z":2.1233739852905275},"rotation":{"x":0.22105668485164643,"y":-0.0014629047363996506,"z":0.00033157053985632956,"w":0.975260853767395},"size":4.2092509269714359,"orthographic":false}